{
  "grid_info": {
    "grid_width": 28,
    "grid_height": 18,
    "max_field_width": 121.0,
    "max_field_height": 78.0,
    "margin_width": 0.0,
    "margin_height": 0.0
  },
  "scenario": {
    "attack_cooldowns": [
      [
        8.0
      ],
      [
        6.5
      ],
      [
        8.0
      ],
      [
        2.5
      ],
      [
        2.5
      ],
      [
        2.5
      ]
    ],
    "attack_damages": [
      [
        28.0
      ],
      [
        20.0
      ],
      [
        28.0
      ],
      [
        46.0
      ],
      [
        46.0
      ],
      [
        46.0
      ]
    ],
    "attack_ranges": [
      [
        27.0
      ],
      [
        3.0
      ],
      [
        27.0
      ],
      [
        3.200000047683716
      ],
      [
        3.200000047683716
      ],
      [
        3.200000047683716
      ]
    ],
    "attack_types": [
      [
        0
      ],
      [
        0
      ],
      [
        0
      ],
      [
        0
      ],
      [
        0
      ],
      [
        0
      ]
    ],
    "body_radiuss": [
      [
        1.0
      ],
      [
        4.25
      ],
      [
        1.0
      ],
      [
        1.4700000286102295
      ],
      [
        1.4700000286102295
      ],
      [
        1.4700000286102295
      ]
    ],
    "body_weights": [
      [
        1.0
      ],
      [
        50.0
      ],
      [
        1.0
      ],
      [
        10.0
      ],
      [
        10.0
      ],
      [
        10.0
      ]
    ],
    "healths": [
      [
        40.0
      ],
      [
        685.0
      ],
      [
        40.0
      ],
      [
        346.0
      ],
      [
        346.0
      ],
      [
        346.0
      ]
    ],
    "is_alive": [
      [
        true
      ],
      [
        true
      ],
      [
        true
      ],
      [
        true
      ],
      [
        true
      ],
      [
        true
      ]
    ],
    "is_disabled": [
      [
        false
      ],
      [
        false
      ],
      [
        false
      ],
      [
        false
      ],
      [
        false
      ],
      [
        false
      ]
    ],
    "pos_max": [
      [
        59.5,
        38.0
      ],
      [
        56.25,
        34.75
      ],
      [
        59.5,
        38.0
      ],
      [
        59.02999997138977,
        37.52999997138977
      ],
      [
        59.02999997138977,
        37.52999997138977
      ],
      [
        59.02999997138977,
        37.52999997138977
      ]
    ],
    "pos_min": [
      [
        -59.5,
        -38.0
      ],
      [
        -56.25,
        -34.75
      ],
      [
        -59.5,
        -38.0
      ],
      [
        -59.02999997138977,
        -37.52999997138977
      ],
      [
        -59.02999997138977,
        -37.52999997138977
      ],
      [
        -59.02999997138977,
        -37.52999997138977
      ]
    ],
    "positions": [
      [
        -23.375,
        -10.625
      ],
      [
        -21.25,
        -4.25
      ],
      [
        -23.375,
        6.375
      ],
      [
        27.625,
        -10.625
      ],
      [
        27.625,
        -2.125
      ],
      [
        27.625,
        6.375
      ]
    ],
    "rotations": [
      [
        0.0
      ],
      [
        0.0
      ],
      [
        0.0
      ],
      [
        3.141592653589793
      ],
      [
        3.141592653589793
      ],
      [
        3.141592653589793
      ]
    ],
    "sight_angles": [
      [
        0.5235987755982988
      ],
      [
        0.5235987755982988
      ],
      [
        0.5235987755982988
      ],
      [
        0.5235987755982988
      ],
      [
        0.5235987755982988
      ],
      [
        0.5235987755982988
      ]
    ],
    "speeds": [
      [
        1.0
      ],
      [
        1.2000000476837158
      ],
      [
        1.0
      ],
      [
        1.2000000476837158
      ],
      [
        1.2000000476837158
      ],
      [
        1.2000000476837158
      ]
    ],
    "teams": [
      [
        0
      ],
      [
        0
      ],
      [
        0
      ],
      [
        1
      ],
      [
        1
      ],
      [
        1
      ]
    ],
    "unit_ids": [
      [
        4
      ],
      [
        3
      ],
      [
        4
      ],
      [
        2
      ],
      [
        2
      ],
      [
        2
      ]
    ]
  },
  "zone_scenario": {
    "axes": [
      [
        7.5,
        3.0
      ],
      [
        7.5,
        3.0
      ],
      [
        3.0,
        16.0
      ],
      [
        3.0,
        16.0
      ]
    ],
    "effect_value": [
      [
        10.0
      ],
      [
        10.0
      ],
      [
        10.0
      ],
      [
        10.0
      ]
    ],
    "n_zone": 4,
    "position": [
      [
        -3.25,
        -6.0
      ],
      [
        -3.25,
        6.0
      ],
      [
        4.0,
        22.0
      ],
      [
        4.0,
        -22.0
      ]
    ],
    "zone_type": [
      [
        1
      ],
      [
        1
      ],
      [
        1
      ],
      [
        1
      ]
    ]
  }
}