{
  "grid_info": {
    "grid_width": 28,
    "grid_height": 18,
    "max_field_width": 121.0,
    "max_field_height": 78.0,
    "margin_width": 0.0,
    "margin_height": 0.0
  },
  "scenario": {
    "attack_cooldowns": [
      [
        2.5
      ],
      [
        2.5
      ],
      [
        2.5
      ],
      [
        2.5
      ],
      [
        2.5
      ],
      [
        2.5
      ],
      [
        2.5
      ],
      [
        2.5
      ],
      [
        2.5
      ],
      [
        2.5
      ],
      [
        2.5
      ],
      [
        2.5
      ]
    ],
    "attack_damages": [
      [
        46.0
      ],
      [
        46.0
      ],
      [
        46.0
      ],
      [
        46.0
      ],
      [
        46.0
      ],
      [
        46.0
      ],
      [
        46.0
      ],
      [
        46.0
      ],
      [
        46.0
      ],
      [
        46.0
      ],
      [
        46.0
      ],
      [
        46.0
      ]
    ],
    "attack_ranges": [
      [
        3.200000047683716
      ],
      [
        3.200000047683716
      ],
      [
        3.200000047683716
      ],
      [
        3.200000047683716
      ],
      [
        3.200000047683716
      ],
      [
        3.200000047683716
      ],
      [
        3.200000047683716
      ],
      [
        3.200000047683716
      ],
      [
        3.200000047683716
      ],
      [
        3.200000047683716
      ],
      [
        3.200000047683716
      ],
      [
        3.200000047683716
      ]
    ],
    "attack_types": [
      [
        0
      ],
      [
        0
      ],
      [
        0
      ],
      [
        0
      ],
      [
        0
      ],
      [
        0
      ],
      [
        0
      ],
      [
        0
      ],
      [
        0
      ],
      [
        0
      ],
      [
        0
      ],
      [
        0
      ]
    ],
    "body_radiuss": [
      [
        1.4700000286102295
      ],
      [
        1.4700000286102295
      ],
      [
        1.4700000286102295
      ],
      [
        1.4700000286102295
      ],
      [
        1.4700000286102295
      ],
      [
        1.4700000286102295
      ],
      [
        1.4700000286102295
      ],
      [
        1.4700000286102295
      ],
      [
        1.4700000286102295
      ],
      [
        1.4700000286102295
      ],
      [
        1.4700000286102295
      ],
      [
        1.4700000286102295
      ]
    ],
    "body_weights": [
      [
        10.0
      ],
      [
        10.0
      ],
      [
        10.0
      ],
      [
        10.0
      ],
      [
        10.0
      ],
      [
        10.0
      ],
      [
        10.0
      ],
      [
        10.0
      ],
      [
        10.0
      ],
      [
        10.0
      ],
      [
        10.0
      ],
      [
        10.0
      ]
    ],
    "healths": [
      [
        346.0
      ],
      [
        346.0
      ],
      [
        346.0
      ],
      [
        346.0
      ],
      [
        346.0
      ],
      [
        346.0
      ],
      [
        346.0
      ],
      [
        346.0
      ],
      [
        346.0
      ],
      [
        346.0
      ],
      [
        346.0
      ],
      [
        346.0
      ]
    ],
    "is_alive": [
      [
        true
      ],
      [
        true
      ],
      [
        true
      ],
      [
        true
      ],
      [
        true
      ],
      [
        true
      ],
      [
        true
      ],
      [
        true
      ],
      [
        true
      ],
      [
        true
      ],
      [
        true
      ],
      [
        true
      ]
    ],
    "is_disabled": [
      [
        false
      ],
      [
        false
      ],
      [
        false
      ],
      [
        false
      ],
      [
        false
      ],
      [
        false
      ],
      [
        false
      ],
      [
        false
      ],
      [
        false
      ],
      [
        false
      ],
      [
        false
      ],
      [
        false
      ]
    ],
    "pos_max": [
      [
        59.02999997138977,
        37.52999997138977
      ],
      [
        59.02999997138977,
        37.52999997138977
      ],
      [
        59.02999997138977,
        37.52999997138977
      ],
      [
        59.02999997138977,
        37.52999997138977
      ],
      [
        59.02999997138977,
        37.52999997138977
      ],
      [
        59.02999997138977,
        37.52999997138977
      ],
      [
        59.02999997138977,
        37.52999997138977
      ],
      [
        59.02999997138977,
        37.52999997138977
      ],
      [
        59.02999997138977,
        37.52999997138977
      ],
      [
        59.02999997138977,
        37.52999997138977
      ],
      [
        59.02999997138977,
        37.52999997138977
      ],
      [
        59.02999997138977,
        37.52999997138977
      ]
    ],
    "pos_min": [
      [
        -59.02999997138977,
        -37.52999997138977
      ],
      [
        -59.02999997138977,
        -37.52999997138977
      ],
      [
        -59.02999997138977,
        -37.52999997138977
      ],
      [
        -59.02999997138977,
        -37.52999997138977
      ],
      [
        -59.02999997138977,
        -37.52999997138977
      ],
      [
        -59.02999997138977,
        -37.52999997138977
      ],
      [
        -59.02999997138977,
        -37.52999997138977
      ],
      [
        -59.02999997138977,
        -37.52999997138977
      ],
      [
        -59.02999997138977,
        -37.52999997138977
      ],
      [
        -59.02999997138977,
        -37.52999997138977
      ],
      [
        -59.02999997138977,
        -37.52999997138977
      ],
      [
        -59.02999997138977,
        -37.52999997138977
      ]
    ],
    "positions": [
      [
        -19.125,
        -19.125
      ],
      [
        6.375,
        -19.125
      ],
      [
        -6.375,
        -2.125
      ],
      [
        19.125,
        -2.125
      ],
      [
        -19.125,
        14.875
      ],
      [
        6.375,
        14.875
      ],
      [
        -6.375,
        -19.125
      ],
      [
        19.125,
        -19.125
      ],
      [
        -19.125,
        -2.125
      ],
      [
        6.375,
        -2.125
      ],
      [
        -6.375,
        14.875
      ],
      [
        19.125,
        14.875
      ]
    ],
    "rotations": [
      [
        4.71238898038469
      ],
      [
        3.141592653589793
      ],
      [
        1.5707963267948966
      ],
      [
        4.71238898038469
      ],
      [
        0.0
      ],
      [
        1.5707963267948966
      ],
      [
        0.0
      ],
      [
        4.71238898038469
      ],
      [
        4.71238898038469
      ],
      [
        1.5707963267948966
      ],
      [
        1.5707963267948966
      ],
      [
        3.141592653589793
      ]
    ],
    "sight_angles": [
      [
        1.5707963705062866
      ],
      [
        1.5707963705062866
      ],
      [
        1.5707963705062866
      ],
      [
        1.5707963705062866
      ],
      [
        1.5707963705062866
      ],
      [
        1.5707963705062866
      ],
      [
        1.5707963705062866
      ],
      [
        1.5707963705062866
      ],
      [
        1.5707963705062866
      ],
      [
        1.5707963705062866
      ],
      [
        1.5707963705062866
      ],
      [
        1.5707963705062866
      ]
    ],
    "speeds": [
      [
        1.2000000476837158
      ],
      [
        1.2000000476837158
      ],
      [
        1.2000000476837158
      ],
      [
        1.2000000476837158
      ],
      [
        1.2000000476837158
      ],
      [
        1.2000000476837158
      ],
      [
        1.2000000476837158
      ],
      [
        1.2000000476837158
      ],
      [
        1.2000000476837158
      ],
      [
        1.2000000476837158
      ],
      [
        1.2000000476837158
      ],
      [
        1.2000000476837158
      ]
    ],