{
  "grid_info": {
    "grid_width": 28,
    "grid_height": 18,
    "max_field_width": 121.0,
    "max_field_height": 78.0,
    "margin_width": 0.0,
    "margin_height": 0.0
  },
  "scenario": {
    "attack_cooldowns": [
      [
        2.5
      ],
      [
        2.5
      ],
      [
        2.5
      ],
      [
        2.5
      ],
      [
        8.0
      ],
      [
        8.0
      ],
      [
        8.0
      ],
      [
        8.0
      ]
    ],
    "attack_damages": [
      [
        46.0
      ],
      [
        46.0
      ],
      [
        46.0
      ],
      [
        46.0
      ],
      [
        25.0
      ],
      [
        25.0
      ],
      [
        25.0
      ],
      [
        25.0
      ]
    ],
    "attack_ranges": [
      [
        3.200000047683716
      ],
      [
        3.200000047683716
      ],
      [
        3.200000047683716
      ],
      [
        3.200000047683716
      ],
      [
        20.0
      ],
      [
        20.0
      ],
      [
        20.0
      ],
      [
        20.0
      ]
    ],
    "attack_types": [
      [
        0
      ],
      [
        0
      ],
      [
        0
      ],
      [
        0
      ],
      [
        0
      ],
      [
        0
      ],
      [
        0
      ],
      [
        0
      ]
    ],
    "body_radiuss": [
      [
        1.4700000286102295
      ],
      [
        1.4700000286102295
      ],
      [
        1.4700000286102295
      ],
      [
        1.4700000286102295
      ],
      [
        1.0
      ],
      [
        1.0
      ],
      [
        1.0
      ],
      [
        1.0
      ]
    ],
    "body_weights": [
      [
        10.0
      ],
      [
        10.0
      ],
      [
        10.0
      ],
      [
        10.0
      ],
      [
        1.0
      ],
      [
        1.0
      ],
      [
        1.0
      ],
      [
        1.0
      ]
    ],
    "healths": [
      [
        346.0
      ],
      [
        346.0
      ],
      [
        346.0
      ],
      [
        346.0
      ],
      [
        40.0
      ],
      [
        40.0
      ],
      [
        40.0
      ],
      [
        40.0
      ]
    ],
    "is_alive": [
      [
        true
      ],
      [
        true
      ],
      [
        true
      ],
      [
        true
      ],
      [
        true
      ],
      [
        true
      ],
      [
        true
      ],
      [
        true
      ]
    ],
    "is_disabled": [
      [
        false
      ],
      [
        false
      ],
      [
        false
      ],
      [
        false
      ],
      [
        false
      ],
      [
        false
      ],
      [
        false
      ],
      [
        false
      ]
    ],
    "pos_max": [
      [
        59.02999997138977,
        37.52999997138977
      ],
      [
        59.02999997138977,
        37.52999997138977
      ],
      [
        59.02999997138977,
        37.52999997138977
      ],
      [
        59.02999997138977,
        37.52999997138977
      ],
      [
        59.5,
        38.0
      ],
      [
        59.5,
        38.0
      ],
      [
        59.5,
        38.0
      ],
      [
        59.5,
        38.0
      ]
    ],
    "pos_min": [
      [
        -59.02999997138977,
        -37.52999997138977
      ],
      [
        -59.02999997138977,
        -37.52999997138977
      ],
      [
        -59.02999997138977,
        -37.52999997138977
      ],
      [
        -59.02999997138977,
        -37.52999997138977
      ],
      [
        -59.5,
        -38.0
      ],
      [
        -59.5,
        -38.0
      ],
      [
        -59.5,
        -38.0
      ],
      [
        -59.5,
        -38.0
      ]
    ],
    "positions": [
      [
        -28.08928571428571,
        -2.1666666666666665
      ],
      [
        -19.44642857142857,
        -2.1666666666666665
      ],
      [
        -28.08928571428571,
        6.5
      ],
      [
        -19.44642857142857,
        6.5
      ],
      [
        23.767857142857142,
        -2.1666666666666665
      ],
      [
        32.410714285714285,
        -2.1666666666666665
      ],
      [
        23.767857142857142,
        6.5
      ],
      [
        32.410714285714285,
        6.5
      ]
    ],
    "rotations": [
      [
        0.0
      ],
      [
        0.0
      ],
      [
        0.0
      ],
      [
        0.0
      ],
      [
        3.665191429188092
      ],
      [
        3.141592653589793
      ],
      [
        3.141592653589793
      ],
      [
        3.141592653589793
      ]
    ],
    "sight_angles": [
      [
        0.5235987755982988
      ],
      [
        0.5235987755982988
      ],
      [
        0.5235987755982988
      ],
      [
        0.5235987755982988
      ],
      [
        0.5235987755982988
      ],
      [
        0.5235987755982988
      ],
      [
        0.5235987755982988
      ],
      [
        0.5235987755982988
      ]
    ],
    "speeds": [
      [
        1.2000000476837158
      ],
      [
        1.2000000476837158
      ],
      [
        1.2000000476837158
      ],
      [
        1.2000000476837158
      ],
      [
        1.100000023841858
      ],
      [
        1.100000023841858
      ],
      [
        1.100000023841858
      ],
      [
        1.100000023841858
      ]
    ],
    "teams": [
      [
        0
      ],
      [
        0
      ],
      [
        0
      ],
      [
        0
      ],
      [
        1
      ],
      [
        1
      ],
      [
        1
      ],
      [
        1
      ]
    ],
    "unit_ids": [
      [
        2
      ],
      [
        2
      ],
      [
        2
      ],
      [
        2
      ],
      [
        6
      ],
      [
        6
      ],
      [
        6
      ],
      [
        6
      ]
    ]
  },
  "zone_scenario": {
    "axes": [],
    "effect_value": [],
    "n_zone": 0,
    "position": [],
    "zone_type": []
  }
}