{
  "grid_info": {
    "grid_width": 28,
    "grid_height": 18,
    "max_field_width": 121.0,
    "max_field_height": 78.0,
    "margin_width": 0.0,
    "margin_height": 0.0
  },
  "scenario": {
    "attack_cooldowns": [
      [
        8.0
      ],
      [
        2.5
      ],
      [
        2.0
      ],
      [
        2.5
      ],
      [
        2.0
      ],
      [
        8.0
      ],
      [
        1.5
      ],
      [
        2.5
      ],
      [
        2.5
      ],
      [
        2.0
      ],
      [
        2.5
      ],
      [
        8.0
      ]
    ],
    "attack_damages": [
      [
        25.0
      ],
      [
        14.0
      ],
      [
        -6.0
      ],
      [
        46.0
      ],
      [
        -6.0
      ],
      [
        25.0
      ],
      [
        22.0
      ],
      [
        14.0
      ],
      [
        46.0
      ],
      [
        -7.0
      ],
      [
        14.0
      ],
      [
        28.0
      ]
    ],
    "attack_ranges": [
      [
        20.0
      ],
      [
        2.5
      ],
      [
        7.5
      ],
      [
        3.200000047683716
      ],
      [
        7.5
      ],
      [
        20.0
      ],
      [
        2.5
      ],
      [
        2.5
      ],
      [
        3.200000047683716
      ],
      [
        10.0
      ],
      [
        2.5
      ],
      [
        27.0
      ]
    ],
    "attack_types": [
      [
        0
      ],
      [
        0
      ],
      [
        1
      ],
      [
        0
      ],
      [
        1
      ],
      [
        0
      ],
      [
        0
      ],
      [
        0
      ],
      [
        0
      ],
      [
        1
      ],
      [
        0
      ],
      [
        0
      ]
    ],
    "body_radiuss": [
      [
        1.0
      ],
      [
        1.0
      ],
      [
        1.3200000524520874
      ],
      [
        1.4700000286102295
      ],
      [
        1.3200000524520874
      ],
      [
        1.0
      ],
      [
        1.0
      ],
      [
        1.0
      ],
      [
        1.4700000286102295
      ],
      [
        1.0
      ],
      [
        1.0
      ],
      [
        1.0
      ]
    ],
    "body_weights": [
      [
        1.0
      ],
      [
        1.0
      ],
      [
        8.5
      ],
      [
        10.0
      ],
      [
        8.5
      ],
      [
        1.0
      ],
      [
        1.0
      ],
      [
        1.0
      ],
      [
        10.0
      ],
      [
        1.0
      ],
      [
        1.0
      ],
      [
        1.0
      ]
    ],
    "healths": [
      [
        40.0
      ],
      [
        60.0
      ],
      [
        220.0
      ],
      [
        346.0
      ],
      [
        220.0
      ],
      [
        40.0
      ],
      [
        70.0
      ],
      [
        60.0
      ],
      [
        346.0
      ],
      [
        25.0
      ],
      [
        60.0
      ],
      [
        40.0
      ]
    ],
    "is_alive": [
      [
        true
      ],
      [
        true
      ],
      [
        true
      ],
      [
        true
      ],
      [
        true
      ],
      [
        true
      ],
      [
        true
      ],
      [
        true
      ],
      [
        true
      ],
      [
        true
      ],
      [
        true
      ],
      [
        true
      ]
    ],
    "is_disabled": [
      [
        false
      ],
      [
        false
      ],
      [
        false
      ],
      [
        false
      ],
      [
        false
      ],
      [
        false
      ],
      [
        false
      ],
      [
        false
      ],
      [
        false
      ],
      [
        false
      ],
      [
        false
      ],
      [
        false
      ]
    ],
    "pos_max": [
      [
        59.5,
        38.0
      ],
      [
        59.5,
        38.0
      ],
      [
        59.17999994754791,
        37.67999994754791
      ],
      [
        59.02999997138977,
        37.52999997138977
      ],
      [
        59.17999994754791,
        37.67999994754791
      ],
      [
        59.5,
        38.0
      ],
      [
        59.5,
        38.0
      ],
      [
        59.5,
        38.0
      ],
      [
        59.02999997138977,
        37.52999997138977
      ],
      [
        59.5,
        38.0
      ],
      [
        59.5,
        38.0
      ],
      [
        59.5,
        38.0
      ]
    ],
    "pos_min": [
      [
        -59.5,
        -38.0
      ],
      [
        -59.5,
        -38.0
      ],
      [
        -59.17999994754791,
        -37.67999994754791
      ],
      [
        -59.02999997138977,
        -37.52999997138977
      ],
      [
        -59.17999994754791,
        -37.67999994754791
      ],
      [
        -59.5,
        -38.0
      ],
      [
        -59.5,
        -38.0
      ],
      [
        -59.5,
        -38.0
      ],
      [
        -59.02999997138977,
        -37.52999997138977
      ],
      [
        -59.5,
        -38.0
      ],
      [
        -59.5,
        -38.0
      ],
      [
        -59.5,
        -38.0
      ]
    ],
    "positions": [
      [
        -15.125,
        -6.5
      ],
      [
        -6.482142857142857,
        -6.5
      ],
      [
        -15.125,
        -2.1666666666666665
      ],
      [
        -10.803571428571427,
        2.1666666666666665
      ],
      [
        -15.125,
        6.5
      ],
      [
        -15.125,
        15.166666666666666
      ],
      [
        23.767857142857142,
        -15.166666666666666
      ],
      [
        6.482142857142857,
        -6.5
      ],
      [
        6.482142857142857,
        -2.1666666666666665
      ],
      [
        15.125,
        -2.1666666666666665
      ],
      [
        6.482142857142857,
        6.5
      ],
      [
        23.767857142857142,
        15.166666666666666
      ]
    ],
    "rotations": [
      [
        0.0
      ],
      [
        0.0
      ],
      [
        0.0
      ],
      [
        0.0
      ],
      [
        0.0
      ],
      [
        0.0
      ],
      [
        3.141592653589793
      ],
      [
        3.1415927410125732
      ],
      [
        3.1415927410125732
      ],
      [
        3.1415927410125732
      ],
      [
        3.1415927410125732
      ],
      [
        3.1415927410125732
      ]
    ],
    "sight_angles": [
      [
        1.5707963705062866
      ],
      [
        1.5707963705062866
      ],
      [
        1.5707963705062866
      ],
      [
        1.5707963705062866
      ],
      [
        1.5707963705062866
      ],
      [
        1.5707963705062866
      ],
      [
        1.5707963705062866
      ],
      [
        1.5707963705062866
      ],
      [
        1.5707963705062866
      ],
      [
        1.5707963705062866
      ],
      [
        1.5707963705062866
      ],
      [
        1.5707963705062866
      ]
    ],
    "speeds": [
      [
        1.100000023841858
      ],
      [
        1.100000023841858
      ],
      [
        1.2000000476837158
      ],
      [
        1.2000000476837158
      ],
      [
        1.2000000476837158
      ],
      [
        1.100000023841858
      ],
      [
        1.399999976158142
      ],
      [
        1.100000023841858
      ],
      [
        1.2000000476837158
      ],
      [
        1.0
      ],
      [
        1.100000023841858
      ],
      [
        1.0
      ]
    ],