{
  "grid_info": {
    "grid_width": 28,
    "grid_height": 18,
    "max_field_width": 121.0,
    "max_field_height": 78.0,
    "margin_width": 0.0,
    "margin_height": 0.0
  },
  "scenario": {
    "attack_cooldowns": [
      [
        2.5
      ],
      [
        2.5
      ],
      [
        2.5
      ],
      [
        2.5
      ],
      [
        8.0
      ],
      [
        2.5
      ],
      [
        2.5
      ],
      [
        8.0
      ]
    ],
    "attack_damages": [
      [
        46.0
      ],
      [
        46.0
      ],
      [
        46.0
      ],
      [
        46.0
      ],
      [
        28.0
      ],
      [
        46.0
      ],
      [
        46.0
      ],
      [
        28.0
      ]
    ],
    "attack_ranges": [
      [
        3.200000047683716
      ],
      [
        3.200000047683716
      ],
      [
        3.200000047683716
      ],
      [
        3.200000047683716
      ],
      [
        27.0
      ],
      [
        3.200000047683716
      ],
      [
        3.200000047683716
      ],
      [
        27.0
      ]
    ],
    "attack_types": [
      [
        0
      ],
      [
        0
      ],
      [
        0
      ],
      [
        0
      ],
      [
        0
      ],
      [
        0
      ],
      [
        0
      ],
      [
        0
      ]
    ],
    "body_radiuss": [
      [
        1.4700000286102295
      ],
      [
        1.4700000286102295
      ],
      [
        1.4700000286102295
      ],
      [
        1.4700000286102295
      ],
      [
        1.0
      ],
      [
        1.4700000286102295
      ],
      [
        1.4700000286102295
      ],
      [
        1.0
      ]
    ],
    "body_weights": [
      [
        10.0
      ],
      [
        10.0
      ],
      [
        10.0
      ],
      [
        10.0
      ],
      [
        1.0
      ],
      [
        10.0
      ],
      [
        10.0
      ],
      [
        1.0
      ]
    ],
    "healths": [
      [
        346.0
      ],
      [
        346.0
      ],
      [
        346.0
      ],
      [
        346.0
      ],
      [
        40.0
      ],
      [
        346.0
      ],
      [
        346.0
      ],
      [
        40.0
      ]
    ],
    "is_alive": [
      [
        true
      ],
      [
        true
      ],
      [
        true
      ],
      [
        true
      ],
      [
        true
      ],
      [
        true
      ],
      [
        true
      ],
      [
        true
      ]
    ],
    "is_disabled": [
      [
        false
      ],
      [
        false
      ],
      [
        false
      ],
      [
        false
      ],
      [
        false
      ],
      [
        false
      ],
      [
        false
      ],
      [
        false
      ]
    ],
    "pos_max": [
      [
        59.02999997138977,
        37.52999997138977
      ],
      [
        59.02999997138977,
        37.52999997138977
      ],
      [
        59.02999997138977,
        37.52999997138977
      ],
      [
        59.02999997138977,
        37.52999997138977
      ],
      [
        59.5,
        38.0
      ],
      [
        59.02999997138977,
        37.52999997138977
      ],
      [
        59.02999997138977,
        37.52999997138977
      ],
      [
        59.5,
        38.0
      ]
    ],
    "pos_min": [
      [
        -59.02999997138977,
        -37.52999997138977
      ],
      [
        -59.02999997138977,
        -37.52999997138977
      ],
      [
        -59.02999997138977,
        -37.52999997138977
      ],
      [
        -59.02999997138977,
        -37.52999997138977
      ],
      [
        -59.5,
        -38.0
      ],
      [
        -59.02999997138977,
        -37.52999997138977
      ],
      [
        -59.02999997138977,
        -37.52999997138977
      ],
      [
        -59.5,
        -38.0
      ]
    ],
    "positions": [
      [
        -14.875,
        -14.875
      ],
      [
        14.875,
        -14.875
      ],
      [
        -14.875,
        14.875
      ],
      [
        14.875,
        14.875
      ],
      [
        2.125,
        -31.875
      ],
      [
        -40.375,
        -2.125
      ],
      [
        40.375,
        -2.125
      ],
      [
        -2.125,
        31.875
      ]
    ],
    "rotations": [
      [
        -2.356194490192345
      ],
      [
        -0.7853981633974483
      ],
      [
        -3.665191429188092
      ],
      [
        -5.497787143782138
      ],
      [
        -4.71238898038469
      ],
      [
        -0.0
      ],
      [
        -3.141592653589793
      ],
      [
        -1.5707963267948966
      ]
    ],
    "sight_angles": [
      [
        1.5707963705062866
      ],
      [
        1.5707963705062866
      ],
      [
        1.5707963705062866
      ],
      [
        1.5707963705062866
      ],
      [
        1.5707963705062866
      ],
      [
        1.5707963705062866
      ],
      [
        1.5707963705062866
      ],
      [
        1.5707963705062866
      ]
    ],
    "speeds": [
      [
        1.2000000476837158
      ],
      [
        1.2000000476837158
      ],
      [
        1.2000000476837158
      ],
      [
        1.2000000476837158
      ],
      [
        1.0
      ],
      [
        1.2000000476837158
      ],
      [
        1.2000000476837158
      ],
      [
        1.0
      ]
    ],
    "teams": [
      [
        0
      ],
      [
        0
      ],
      [
        0
      ],
      [
        0
      ],
      [
        1
      ],
      [
        1
      ],
      [
        1
      ],
      [
        1
      ]
    ],
    "unit_ids": [
      [
        2
      ],
      [
        2
      ],
      [
        2
      ],
      [
        2
      ],
      [
        4
      ],
      [
        2
      ],
      [
        2
      ],
      [
        4
      ]
    ]
  },
  "zone_scenario": {
    "axes": [
      [
        12.0,
        8.0
      ]
    ],
    "effect_value": [
      [
        40.0
      ]
    ],
    "n_zone": 1,
    "position": [
      [
        0.0,
        0.0
      ]
    ],
    "zone_type": [
      [
        1
      ]
    ]
  }
}