{
  "grid_info": {
    "grid_width": 28,
    "grid_height": 18,
    "max_field_width": 121.0,
    "max_field_height": 78.0,
    "margin_width": 0.0,
    "margin_height": 0.0
  },
  "scenario": {
    "attack_cooldowns": [
      [
        2.5
      ],
      [
        8.0
      ],
      [
        8.0
      ],
      [
        2.5
      ],
      [
        10.0
      ],
      [
        2.5
      ],
      [
        2.5
      ],
      [
        10.0
      ]
    ],
    "attack_damages": [
      [
        46.0
      ],
      [
        28.0
      ],
      [
        28.0
      ],
      [
        46.0
      ],
      [
        80.0
      ],
      [
        14.0
      ],
      [
        14.0
      ],
      [
        80.0
      ]
    ],
    "attack_ranges": [
      [
        3.200000047683716
      ],
      [
        27.0
      ],
      [
        27.0
      ],
      [
        3.200000047683716
      ],
      [
        40.0
      ],
      [
        2.5
      ],
      [
        2.5
      ],
      [
        40.0
      ]
    ],
    "attack_types": [
      [
        0
      ],
      [
        0
      ],
      [
        0
      ],
      [
        0
      ],
      [
        0
      ],
      [
        0
      ],
      [
        0
      ],
      [
        0
      ]
    ],
    "body_radiuss": [
      [
        1.4700000286102295
      ],
      [
        1.0
      ],
      [
        1.0
      ],
      [
        1.4700000286102295
      ],
      [
        1.0
      ],
      [
        1.0
      ],
      [
        1.0
      ],
      [
        1.0
      ]
    ],
    "body_weights": [
      [
        10.0
      ],
      [
        1.0
      ],
      [
        1.0
      ],
      [
        10.0
      ],
      [
        5.199999809265137
      ],
      [
        1.0
      ],
      [
        1.0
      ],
      [
        5.199999809265137
      ]
    ],
    "healths": [
      [
        346.0
      ],
      [
        40.0
      ],
      [
        40.0
      ],
      [
        346.0
      ],
      [
        100.0
      ],
      [
        60.0
      ],
      [
        60.0
      ],
      [
        100.0
      ]
    ],
    "is_alive": [
      [
        true
      ],
      [
        true
      ],
      [
        true
      ],
      [
        true
      ],
      [
        true
      ],
      [
        true
      ],
      [
        true
      ],
      [
        true
      ]
    ],
    "is_disabled": [
      [
        false
      ],
      [
        false
      ],
      [
        false
      ],
      [
        false
      ],
      [
        false
      ],
      [
        false
      ],
      [
        false
      ],
      [
        false
      ]
    ],
    "pos_max": [
      [
        59.02999997138977,
        37.52999997138977
      ],
      [
        59.5,
        38.0
      ],
      [
        59.5,
        38.0
      ],
      [
        59.02999997138977,
        37.52999997138977
      ],
      [
        59.5,
        38.0
      ],
      [
        59.5,
        38.0
      ],
      [
        59.5,
        38.0
      ],
      [
        59.5,
        38.0
      ]
    ],
    "pos_min": [
      [
        -59.02999997138977,
        -37.52999997138977
      ],
      [
        -59.5,
        -38.0
      ],
      [
        -59.5,
        -38.0
      ],
      [
        -59.02999997138977,
        -37.52999997138977
      ],
      [
        -59.5,
        -38.0
      ],
      [
        -59.5,
        -38.0
      ],
      [
        -59.5,
        -38.0
      ],
      [
        -59.5,
        -38.0
      ]
    ],
    "positions": [
      [
        -15.125,
        -15.166666666666666
      ],
      [
        -19.44642857142857,
        -6.5
      ],
      [
        15.125,
        2.1666666666666665
      ],
      [
        19.44642857142857,
        10.833333333333332
      ],
      [
        -49.69642857142857,
        -19.5
      ],
      [
        45.375,
        -10.833333333333332
      ],
      [
        -41.05357142857142,
        -2.1666666666666665
      ],
      [
        49.69642857142857,
        6.5
      ]
    ],
    "rotations": [
      [
        -2.356194490192345
      ],
      [
        3.926990816987241
      ],
      [
        0.7853981633974483
      ],
      [
        -5.497787143782138
      ],
      [
        -0.0
      ],
      [
        -3.926990816987241
      ],
      [
        -0.2617993877991494
      ],
      [
        -3.141592653589793
      ]
    ],
    "sight_angles": [
      [
        1.5707963705062866
      ],
      [
        1.5707963705062866
      ],
      [
        1.5707963705062866
      ],
      [
        1.5707963705062866
      ],
      [
        1.5707963705062866
      ],
      [
        1.5707963705062866
      ],
      [
        1.5707963705062866
      ],
      [
        1.5707963705062866
      ]
    ],
    "speeds": [
      [
        1.2000000476837158
      ],
      [
        1.0
      ],
      [
        1.0
      ],
      [
        1.2000000476837158
      ],
      [
        0.5
      ],
      [
        1.100000023841858
      ],
      [
        1.100000023841858
      ],
      [
        0.5
      ]
    ],
    "teams": [
      [
        0
      ],
      [
        0
      ],
      [
        0
      ],
      [
        0
      ],
      [
        1
      ],
      [
        1
      ],
      [
        1
      ],
      [
        1
      ]
    ],
    "unit_ids": [
      [
        2
      ],
      [
        4
      ],
      [
        4
      ],
      [
        2
      ],
      [
        5
      ],
      [
        0
      ],
      [
        0
      ],
      [
        5
      ]
    ]
  },
  "zone_scenario": {
    "axes": [
      [
        12.083333333333353,
        5.6944444444444535
      ]
    ],
    "effect_value": [
      [
        0.0
      ]
    ],
    "n_zone": 1,
    "position": [
      [
        -25.694444444444482,
        7.6388888888889
      ]
    ],
    "zone_type": [
      [
        2
      ]
    ]
  }
}