{
  "grid_info": {
    "grid_width": 28,
    "grid_height": 18,
    "max_field_width": 121.0,
    "max_field_height": 78.0,
    "margin_width": 0.0,
    "margin_height": 0.0
  },
  "scenario": {
    "attack_cooldowns": [
      [
        8.0
      ],
      [
        8.0
      ],
      [
        2.5
      ],
      [
        2.5
      ],
      [
        2.5
      ],
      [
        8.0
      ],
      [
        8.0
      ],
      [
        2.5
      ],
      [
        2.5
      ],
      [
        2.5
      ]
    ],
    "attack_damages": [
      [
        25.0
      ],
      [
        25.0
      ],
      [
        46.0
      ],
      [
        46.0
      ],
      [
        14.0
      ],
      [
        28.0
      ],
      [
        28.0
      ],
      [
        46.0
      ],
      [
        46.0
      ],
      [
        14.0
      ]
    ],
    "attack_ranges": [
      [
        20.0
      ],
      [
        20.0
      ],
      [
        3.200000047683716
      ],
      [
        3.200000047683716
      ],
      [
        2.5
      ],
      [
        27.0
      ],
      [
        27.0
      ],
      [
        3.200000047683716
      ],
      [
        3.200000047683716
      ],
      [
        2.5
      ]
    ],
    "attack_types": [
      [
        0
      ],
      [
        0
      ],
      [
        0
      ],
      [
        0
      ],
      [
        0
      ],
      [
        0
      ],
      [
        0
      ],
      [
        0
      ],
      [
        0
      ],
      [
        0
      ]
    ],
    "body_radiuss": [
      [
        1.0
      ],
      [
        1.0
      ],
      [
        1.4700000286102295
      ],
      [
        1.4700000286102295
      ],
      [
        1.0
      ],
      [
        1.0
      ],
      [
        1.0
      ],
      [
        1.4700000286102295
      ],
      [
        1.4700000286102295
      ],
      [
        1.0
      ]
    ],
    "body_weights": [
      [
        1.0
      ],
      [
        1.0
      ],
      [
        10.0
      ],
      [
        10.0
      ],
      [
        1.0
      ],
      [
        1.0
      ],
      [
        1.0
      ],
      [
        10.0
      ],
      [
        10.0
      ],
      [
        1.0
      ]
    ],
    "healths": [
      [
        40.0
      ],
      [
        40.0
      ],
      [
        346.0
      ],
      [
        346.0
      ],
      [
        60.0
      ],
      [
        40.0
      ],
      [
        40.0
      ],
      [
        346.0
      ],
      [
        346.0
      ],
      [
        60.0
      ]
    ],
    "is_alive": [
      [
        true
      ],
      [
        true
      ],
      [
        true
      ],
      [
        true
      ],
      [
        true
      ],
      [
        true
      ],
      [
        true
      ],
      [
        true
      ],
      [
        true
      ],
      [
        true
      ]
    ],
    "is_disabled": [
      [
        false
      ],
      [
        false
      ],
      [
        false
      ],
      [
        false
      ],
      [
        false
      ],
      [
        false
      ],
      [
        false
      ],
      [
        false
      ],
      [
        false
      ],
      [
        false
      ]
    ],
    "pos_max": [
      [
        59.5,
        38.0
      ],
      [
        59.5,
        38.0
      ],
      [
        59.02999997138977,
        37.52999997138977
      ],
      [
        59.02999997138977,
        37.52999997138977
      ],
      [
        59.5,
        38.0
      ],
      [
        59.5,
        38.0
      ],
      [
        59.5,
        38.0
      ],
      [
        59.02999997138977,
        37.52999997138977
      ],
      [
        59.02999997138977,
        37.52999997138977
      ],
      [
        59.5,
        38.0
      ]
    ],
    "pos_min": [
      [
        -59.5,
        -38.0
      ],
      [
        -59.5,
        -38.0
      ],
      [
        -59.02999997138977,
        -37.52999997138977
      ],
      [
        -59.02999997138977,
        -37.52999997138977
      ],
      [
        -59.5,
        -38.0
      ],
      [
        -59.5,
        -38.0
      ],
      [
        -59.5,
        -38.0
      ],
      [
        -59.02999997138977,
        -37.52999997138977
      ],
      [
        -59.02999997138977,
        -37.52999997138977
      ],
      [
        -59.5,
        -38.0
      ]
    ],
    "positions": [
      [
        -15.125,
        -6.5
      ],
      [
        15.125,
        -6.5
      ],
      [
        -15.125,
        6.5
      ],
      [
        15.125,
        6.5
      ],
      [
        -2.1607142857142856,
        -28.166666666666664
      ],
      [
        -41.05357142857142,
        -2.1666666666666665
      ],
      [
        41.05357142857142,
        -2.1666666666666665
      ],
      [
        -41.05357142857142,
        6.5
      ],
      [
        41.05357142857142,
        6.5
      ],
      [
        6.482142857142857,
        32.5
      ]
    ],
    "rotations": [
      [
        -2.617993877991494
      ],
      [
        -0.5235987755982988
      ],
      [
        -3.926990816987241
      ],
      [
        -5.497787143782138
      ],
      [
        -4.71238898038469
      ],
      [
        -0.0
      ],
      [
        -3.141592653589793
      ],
      [
        -0.0
      ],
      [
        -3.141592653589793
      ],
      [
        -1.5707963267948966
      ]
    ],
    "sight_angles": [
      [
        1.5707963705062866
      ],
      [
        1.5707963705062866
      ],
      [
        1.5707963705062866
      ],
      [
        1.5707963705062866
      ],
      [
        1.5707963705062866
      ],
      [
        1.5707963705062866
      ],
      [
        1.5707963705062866
      ],
      [
        1.5707963705062866
      ],
      [
        1.5707963705062866
      ],
      [
        1.5707963705062866
      ]
    ],
    "speeds": [
      [
        1.100000023841858
      ],
      [
        1.100000023841858
      ],
      [
        1.2000000476837158
      ],
      [
        1.2000000476837158
      ],
      [
        1.100000023841858
      ],
      [
        1.0
      ],
      [
        1.0
      ],
      [
        1.2000000476837158
      ],
      [
        1.2000000476837158
      ],
      [
        1.100000023841858
      ]
    ],
    "teams": [
      [
        0
      ],
      [
        0
      ],
      [
        0
      ],
      [
        0
      ],
      [
        1
      ],
      [
        1
      ],
      [
        1
      ],
      [
        1
      ],
      [
        1
      ],
      [
        1
      ]
    ],
    "unit_ids": [
      [
        6
      ],
      [
        6
      ],
      [
        2
      ],
      [
        2
      ],
      [
        0
      ],
      [
        4
      ],
      [
        4
      ],
      [
        2
      ],
      [
        2
      ],
      [
        0
      ]
    ]
  },
  "zone_scenario": {
    "axes": [
      [
        7.5,
        7.499999999999999
      ]
    ],
    "effect_value": [
      [
        0.0
      ]
    ],
    "n_zone": 1,
    "position": [
      [
        0.0,
        0.0
      ]
    ],
    "zone_type": [
      [
        2
      ]
    ]
  }
}