{
  "grid_info": {
    "grid_width": 28,
    "grid_height": 18,
    "max_field_width": 121.0,
    "max_field_height": 78.0,
    "margin_width": 0.0,
    "margin_height": 0.0
  },
  "scenario": {
    "attack_cooldowns": [
      [
        8.0
      ],
      [
        6.5
      ],
      [
        8.0
      ],
      [
        1.5
      ],
      [
        2.0
      ],
      [
        2.0
      ],
      [
        2.5
      ],
      [
        2.0
      ],
      [
        2.0
      ],
      [
        1.5
      ]
    ],
    "attack_damages": [
      [
        25.0
      ],
      [
        20.0
      ],
      [
        25.0
      ],
      [
        22.0
      ],
      [
        -7.0
      ],
      [
        -7.0
      ],
      [
        46.0
      ],
      [
        -7.0
      ],
      [
        -7.0
      ],
      [
        22.0
      ]
    ],
    "attack_ranges": [
      [
        20.0
      ],
      [
        3.0
      ],
      [
        20.0
      ],
      [
        2.5
      ],
      [
        10.0
      ],
      [
        10.0
      ],
      [
        3.200000047683716
      ],
      [
        10.0
      ],
      [
        10.0
      ],
      [
        2.5
      ]
    ],
    "attack_types": [
      [
        0
      ],
      [
        0
      ],
      [
        0
      ],
      [
        0
      ],
      [
        1
      ],
      [
        1
      ],
      [
        0
      ],
      [
        1
      ],
      [
        1
      ],
      [
        0
      ]
    ],
    "body_radiuss": [
      [
        1.0
      ],
      [
        4.25
      ],
      [
        1.0
      ],
      [
        1.0
      ],
      [
        1.0
      ],
      [
        1.0
      ],
      [
        1.4700000286102295
      ],
      [
        1.0
      ],
      [
        1.0
      ],
      [
        1.0
      ]
    ],
    "body_weights": [
      [
        1.0
      ],
      [
        50.0
      ],
      [
        1.0
      ],
      [
        1.0
      ],
      [
        1.0
      ],
      [
        1.0
      ],
      [
        10.0
      ],
      [
        1.0
      ],
      [
        1.0
      ],
      [
        1.0
      ]
    ],
    "healths": [
      [
        40.0
      ],
      [
        685.0
      ],
      [
        40.0
      ],
      [
        70.0
      ],
      [
        25.0
      ],
      [
        25.0
      ],
      [
        346.0
      ],
      [
        25.0
      ],
      [
        25.0
      ],
      [
        70.0
      ]
    ],
    "is_alive": [
      [
        true
      ],
      [
        true
      ],
      [
        true
      ],
      [
        true
      ],
      [
        true
      ],
      [
        true
      ],
      [
        true
      ],
      [
        true
      ],
      [
        true
      ],
      [
        true
      ]
    ],
    "is_disabled": [
      [
        false
      ],
      [
        false
      ],
      [
        false
      ],
      [
        false
      ],
      [
        false
      ],
      [
        false
      ],
      [
        false
      ],
      [
        false
      ],
      [
        false
      ],
      [
        false
      ]
    ],
    "pos_max": [
      [
        59.5,
        38.0
      ],
      [
        56.25,
        34.75
      ],
      [
        59.5,
        38.0
      ],
      [
        59.5,
        38.0
      ],
      [
        59.5,
        38.0
      ],
      [
        59.5,
        38.0
      ],
      [
        59.02999997138977,
        37.52999997138977
      ],
      [
        59.5,
        38.0
      ],
      [
        59.5,
        38.0
      ],
      [
        59.5,
        38.0
      ]
    ],
    "pos_min": [
      [
        -59.5,
        -38.0
      ],
      [
        -56.25,
        -34.75
      ],
      [
        -59.5,
        -38.0
      ],
      [
        -59.5,
        -38.0
      ],
      [
        -59.5,
        -38.0
      ],
      [
        -59.5,
        -38.0
      ],
      [
        -59.02999997138977,
        -37.52999997138977
      ],
      [
        -59.5,
        -38.0
      ],
      [
        -59.5,
        -38.0
      ],
      [
        -59.5,
        -38.0
      ]
    ],
    "positions": [
      [
        -23.375,
        -19.125
      ],
      [
        -12.75,
        -4.25
      ],
      [
        -23.375,
        10.625
      ],
      [
        19.125,
        27.625
      ],
      [
        27.625,
        -14.875
      ],
      [
        31.875,
        -6.375
      ],
      [
        19.125,
        -2.125
      ],
      [
        31.875,
        2.125
      ],
      [
        27.625,
        10.625
      ],
      [
        -10.625,
        27.625
      ]
    ],
    "rotations": [
      [
        -0.0
      ],
      [
        -0.0
      ],
      [
        -6.021385919380436
      ],
      [
        -1.0471975511965976
      ],
      [
        -3.926990816987241
      ],
      [
        -3.4033920413889422
      ],
      [
        -3.141592653589793
      ],
      [
        -2.8797932657906435
      ],
      [
        -2.356194490192345
      ],
      [
        -1.832595714594046
      ]
    ],
    "sight_angles": [
      [
        1.5707963705062866
      ],
      [
        1.5707963705062866
      ],
      [
        1.5707963705062866
      ],
      [
        1.5707963705062866
      ],
      [
        1.5707963705062866
      ],
      [
        1.5707963705062866
      ],
      [
        1.5707963705062866
      ],
      [
        1.5707963705062866
      ],
      [
        1.5707963705062866
      ],
      [
        1.5707963705062866
      ]
    ],
    "speeds": [
      [
        1.100000023841858
      ],
      [
        1.2000000476837158
      ],
      [
        1.100000023841858
      ],
      [
        1.399999976158142
      ],
      [
        1.0
      ],
      [
        1.0
      ],
      [
        1.2000000476837158
      ],
      [
        1.0
      ],
      [
        1.0
      ],
      [
        1.399999976158142
      ]
    ],
    "teams": [
      [
        0
      ],
      [
        0
      ],
      [
        0
      ],
      [
        0
      ],
      [
        1
      ],
      [
        1
      ],
      [
        1
      ],
      [
        1
      ],
      [
        1
      ],
      [
        1
      ]
    ],
    "unit_ids": [
      [
        6
      ],
      [
        3
      ],
      [
        6
      ],
      [
        1
      ],
      [
        7
      ],
      [
        7
      ],
      [
        2
      ],
      [
        7
      ],
      [
        7
      ],
      [
        1
      ]
    ]
  },
  "zone_scenario": {
    "axes": [
      [
        16.0,
        11.0
      ],
      [
        4.0,
        4.0
      ]
    ],
    "effect_value": [
      [
        0.5
      ],
      [
        0.0
      ]
    ],
    "n_zone": 2,
    "position": [
      [
        7.0,
        -20.0
      ],
      [
        -12.0,
        17.0
      ]
    ],
    "zone_type": [
      [
        3
      ],
      [
        2
      ]
    ]
  }
}