{
  "grid_info": {
    "grid_width": 28,
    "grid_height": 18,
    "max_field_width": 121.0,
    "max_field_height": 78.0,
    "margin_width": 0.0,
    "margin_height": 0.0
  },
  "scenario": {
    "attack_cooldowns": [
      [
        8.0
      ],
      [
        2.5
      ],
      [
        2.5
      ],
      [
        2.0
      ],
      [
        2.5
      ],
      [
        8.0
      ],
      [
        2.5
      ],
      [
        1.5
      ],
      [
        6.5
      ],
      [
        6.5
      ],
      [
        10.0
      ],
      [
        2.0
      ]
    ],
    "attack_damages": [
      [
        28.0
      ],
      [
        14.0
      ],
      [
        46.0
      ],
      [
        -6.0
      ],
      [
        14.0
      ],
      [
        25.0
      ],
      [
        14.0
      ],
      [
        22.0
      ],
      [
        20.0
      ],
      [
        20.0
      ],
      [
        80.0
      ],
      [
        -6.0
      ]
    ],
    "attack_ranges": [
      [
        27.0
      ],
      [
        2.5
      ],
      [
        3.200000047683716
      ],
      [
        7.5
      ],
      [
        2.5
      ],
      [
        20.0
      ],
      [
        2.5
      ],
      [
        2.5
      ],
      [
        3.0
      ],
      [
        3.0
      ],
      [
        40.0
      ],
      [
        7.5
      ]
    ],
    "attack_types": [
      [
        0
      ],
      [
        0
      ],
      [
        0
      ],
      [
        1
      ],
      [
        0
      ],
      [
        0
      ],
      [
        0
      ],
      [
        0
      ],
      [
        0
      ],
      [
        0
      ],
      [
        0
      ],
      [
        1
      ]
    ],
    "body_radiuss": [
      [
        1.0
      ],
      [
        1.0
      ],
      [
        1.4700000286102295
      ],
      [
        1.3200000524520874
      ],
      [
        1.0
      ],
      [
        1.0
      ],
      [
        1.0
      ],
      [
        1.0
      ],
      [
        4.25
      ],
      [
        4.25
      ],
      [
        1.0
      ],
      [
        1.3200000524520874
      ]
    ],
    "body_weights": [
      [
        1.0
      ],
      [
        1.0
      ],
      [
        10.0
      ],
      [
        8.5
      ],
      [
        1.0
      ],
      [
        1.0
      ],
      [
        1.0
      ],
      [
        1.0
      ],
      [
        50.0
      ],
      [
        50.0
      ],
      [
        5.199999809265137
      ],
      [
        8.5
      ]
    ],
    "healths": [
      [
        40.0
      ],
      [
        60.0
      ],
      [
        346.0
      ],
      [
        220.0
      ],
      [
        60.0
      ],
      [
        40.0
      ],
      [
        60.0
      ],
      [
        70.0
      ],
      [
        685.0
      ],
      [
        685.0
      ],
      [
        100.0
      ],
      [
        220.0
      ]
    ],
    "is_alive": [
      [
        true
      ],
      [
        true
      ],
      [
        true
      ],
      [
        true
      ],
      [
        true
      ],
      [
        true
      ],
      [
        true
      ],
      [
        true
      ],
      [
        true
      ],
      [
        true
      ],
      [
        true
      ],
      [
        true
      ]
    ],
    "is_disabled": [
      [
        false
      ],
      [
        false
      ],
      [
        false
      ],
      [
        false
      ],
      [
        false
      ],
      [
        false
      ],
      [
        false
      ],
      [
        false
      ],
      [
        false
      ],
      [
        false
      ],
      [
        false
      ],
      [
        false
      ]
    ],
    "pos_max": [
      [
        59.5,
        38.0
      ],
      [
        59.5,
        38.0
      ],
      [
        59.02999997138977,
        37.52999997138977
      ],
      [
        59.17999994754791,
        37.67999994754791
      ],
      [
        59.5,
        38.0
      ],
      [
        59.5,
        38.0
      ],
      [
        59.5,
        38.0
      ],
      [
        59.5,
        38.0
      ],
      [
        56.25,
        34.75
      ],
      [
        56.25,
        34.75
      ],
      [
        59.5,
        38.0
      ],
      [
        59.17999994754791,
        37.67999994754791
      ]
    ],
    "pos_min": [
      [
        -59.5,
        -38.0
      ],
      [
        -59.5,
        -38.0
      ],
      [
        -59.02999997138977,
        -37.52999997138977
      ],
      [
        -59.17999994754791,
        -37.67999994754791
      ],
      [
        -59.5,
        -38.0
      ],
      [
        -59.5,
        -38.0
      ],
      [
        -59.5,
        -38.0
      ],
      [
        -59.5,
        -38.0
      ],
      [
        -56.25,
        -34.75
      ],
      [
        -56.25,
        -34.75
      ],
      [
        -59.5,
        -38.0
      ],
      [
        -59.17999994754791,
        -37.67999994754791
      ]
    ],
    "positions": [
      [
        -15.125,
        -15.166666666666666
      ],
      [
        -6.482142857142857,
        -15.166666666666666
      ],
      [
        -15.125,
        -6.5
      ],
      [
        -15.125,
        -2.1666666666666665
      ],
      [
        -6.482142857142857,
        -2.1666666666666665
      ],
      [
        -15.125,
        6.5
      ],
      [
        -6.482142857142857,
        6.5
      ],
      [
        -6.482142857142857,
        15.166666666666666
      ],
      [
        12.964285714285714,
        -4.333333333333333
      ],
      [
        12.964285714285714,
        4.333333333333333
      ],
      [
        28.08928571428571,
        2.1666666666666665
      ],
      [
        36.732142857142854,
        2.1666666666666665
      ]
    ],
    "rotations": [
      [
        0.0
      ],
      [
        0.0
      ],
      [
        0.0
      ],
      [
        0.0
      ],
      [
        0.0
      ],
      [
        0.0
      ],
      [
        0.0
      ],
      [
        0.0
      ],
      [
        3.141592653589793
      ],
      [
        3.1415927410125732
      ],
      [
        3.141592653589793
      ],
      [
        3.141592653589793
      ]
    ],
    "sight_angles": [
      [
        1.5707963705062866
      ],
      [
        1.5707963705062866
      ],
      [
        1.5707963705062866
      ],
      [
        1.5707963705062866
      ],
      [
        1.5707963705062866
      ],
      [
        1.5707963705062866
      ],
      [
        1.5707963705062866
      ],
      [
        1.5707963705062866
      ],
      [
        1.5707963705062866
      ],
      [
        1.5707963705062866
      ],
      [
        1.5707963705062866
      ],
      [
        1.5707963705062866
      ]
    ],
    "speeds": [
      [
        1.0
      ],
      [
        1.100000023841858
      ],
      [
        1.2000000476837158
      ],
      [
        1.2000000476837158
      ],
      [
        1.100000023841858
      ],
      [
        1.100000023841858
      ],
      [
        1.100000023841858
      ],
      [
        1.399999976158142
      ],
      [
        1.2000000476837158
      ],
      [
        1.2000000476837158
      ],
      [
        0.5
      ],
      [
        1.2000000476837158
      ]
    ],